,mp,mp,fg,fga,fg%,3p,3pa,3p%,ft,fta,ft%,orb,drb,trb,ast,stl,blk,tov,pf,pts,+/-,ts%,efg%,3par,ftr,orb%,drb%,trb%,ast%,stl%,blk%,tov%,usg%,ortg,drtg,mp_max,mp_max,fg_max,fga_max,fg%_max,3p_max,3pa_max,3p%_max,ft_max,fta_max,ft%_max,orb_max,drb_max,trb_max,ast_max,stl_max,blk_max,tov_max,pf_max,pts_max,+/-_max,ts%_max,efg%_max,3par_max,ftr_max,orb%_max,drb%_max,trb%_max,ast%_max,stl%_max,blk%_max,tov%_max,usg%_max,ortg_max,drtg_max,Team,Total,home,index_opp,mp_opp,mp_opp,fg_opp,fga_opp,fg%_opp,3p_opp,3pa_opp,3p%_opp,ft_opp,fta_opp,ft%_opp,orb_opp,drb_opp,trb_opp,ast_opp,stl_opp,blk_opp,tov_opp,pf_opp,pts_opp,+/-_opp,ts%_opp,efg%_opp,3par_opp,ftr_opp,orb%_opp,drb%_opp,trb%_opp,ast%_opp,stl%_opp,blk%_opp,tov%_opp,usg%_opp,ortg_opp,drtg_opp,mp_max_opp,mp_max_opp,fg_max_opp,fga_max_opp,fg%_max_opp,3p_max_opp,3pa_max_opp,3p%_max_opp,ft_max_opp,fta_max_opp,ft%_max_opp,orb_max_opp,drb_max_opp,trb_max_opp,ast_max_opp,stl_max_opp,blk_max_opp,tov_max_opp,pf_max_opp,pts_max_opp,+/-_max_opp,ts%_max_opp,efg%_max_opp,3par_max_opp,ftr_max_opp,orb%_max_opp,drb%_max_opp,trb%_max_opp,ast%_max_opp,stl%_max_opp,blk%_max_opp,tov%_max_opp,usg%_max_opp,ortg_max_opp,drtg_max_opp,Team_opp,Total_opp,home_opp,season,date,won
0,240.0,240.0,42.0,92.0,0.457,17.0,41.0,0.415,23.0,29.0,0.793,7.0,36.0,43.0,24.0,6.0,4.0,10.0,22.0,124.0,,0.592,0.549,0.446,0.315,14.9,80.0,46.7,57.1,5.7,6.9,8.7,100.0,118.6,115.7,,,10.0,22.0,0.9,8.0,11.0,1.0,8.0,10.0,1.0,4.0,7.0,11.0,8.0,2.0,2.0,5.0,5.0,36.0,20.0,0.928,0.95,0.8,0.5,14.0,25.6,19.7,35.4,3.5,5.7,16.7,36.4,175.0,120.0,SAC,124,0,1,240.0,240.0,45.0,93.0,0.484,12.0,35.0,0.343,19.0,22.0,0.864,9.0,40.0,49.0,25.0,5.0,5.0,12.0,22.0,121.0,,0.589,0.548,0.376,0.237,20.0,85.1,53.3,55.6,4.8,9.8,10.5,100.0,115.7,118.6,,,14.0,24.0,0.833,6.0,11.0,1.0,7.0,8.0,1.0,3.0,11.0,14.0,11.0,3.0,2.0,5.0,4.0,34.0,4.0,0.917,0.917,0.778,0.889,13.5,39.1,25.4,37.0,3.9,6.1,25.0,34.5,160.0,124.0,POR,121,1,2022,2021-10-20,True
1,240.0,240.0,45.0,93.0,0.484,12.0,35.0,0.343,19.0,22.0,0.864,9.0,40.0,49.0,25.0,5.0,5.0,12.0,22.0,121.0,,0.589,0.548,0.376,0.237,20.0,85.1,53.3,55.6,4.8,9.8,10.5,100.0,115.7,118.6,,,14.0,24.0,0.833,6.0,11.0,1.0,7.0,8.0,1.0,3.0,11.0,14.0,11.0,3.0,2.0,5.0,4.0,34.0,4.0,0.917,0.917,0.778,0.889,13.5,39.1,25.4,37.0,3.9,6.1,25.0,34.5,160.0,124.0,POR,121,1,0,240.0,240.0,42.0,92.0,0.457,17.0,41.0,0.415,23.0,29.0,0.793,7.0,36.0,43.0,24.0,6.0,4.0,10.0,22.0,124.0,,0.592,0.549,0.446,0.315,14.9,80.0,46.7,57.1,5.7,6.9,8.7,100.0,118.6,115.7,,,10.0,22.0,0.9,8.0,11.0,1.0,8.0,10.0,1.0,4.0,7.0,11.0,8.0,2.0,2.0,5.0,5.0,36.0,20.0,0.928,0.95,0.8,0.5,14.0,25.6,19.7,35.4,3.5,5.7,16.7,36.4,175.0,120.0,SAC,124,0,2022,2021-10-20,False
2,240.0,240.0,41.0,88.0,0.466,12.0,38.0,0.316,20.0,24.0,0.833,11.0,36.0,47.0,26.0,6.0,6.0,12.0,16.0,114.0,,0.578,0.534,0.432,0.273,26.8,87.8,57.3,63.4,6.2,10.9,10.9,100.0,118.0,112.8,,,10.0,20.0,0.833,3.0,10.0,1.0,10.0,10.0,1.0,3.0,12.0,15.0,12.0,2.0,2.0,5.0,3.0,29.0,21.0,1.1,1.1,1.0,0.5,34.1,38.1,34.1,53.3,2.6,7.7,21.2,31.1,213.0,118.0,BRK,114,0,1,240.0,240.0,43.0,91.0,0.473,14.0,36.0,0.389,9.0,11.0,0.818,5.0,30.0,35.0,17.0,8.0,9.0,8.0,21.0,109.0,,0.569,0.549,0.396,0.121,12.2,73.2,42.7,39.5,8.3,18.0,7.7,100.0,112.8,118.0,,,10.0,20.0,0.75,4.0,6.0,1.0,5.0,6.0,1.0,3.0,7.0,10.0,4.0,2.0,4.0,3.0,5.0,23.0,7.0,0.893,0.917,1.0,0.429,19.2,44.8,32.0,19.4,5.4,12.9,40.0,32.1,172.0,129.0,PHI,109,1,2022,2021-10-22,True
3,240.0,240.0,43.0,91.0,0.473,14.0,36.0,0.389,9.0,11.0,0.818,5.0,30.0,35.0,17.0,8.0,9.0,8.0,21.0,109.0,,0.569,0.549,0.396,0.121,12.2,73.2,42.7,39.5,8.3,18.0,7.7,100.0,112.8,118.0,,,10.0,20.0,0.75,4.0,6.0,1.0,5.0,6.0,1.0,3.0,7.0,10.0,4.0,2.0,4.0,3.0,5.0,23.0,7.0,0.893,0.917,1.0,0.429,19.2,44.8,32.0,19.4,5.4,12.9,40.0,32.1,172.0,129.0,PHI,109,1,0,240.0,240.0,41.0,88.0,0.466,12.0,38.0,0.316,20.0,24.0,0.833,11.0,36.0,47.0,26.0,6.0,6.0,12.0,16.0,114.0,,0.578,0.534,0.432,0.273,26.8,87.8,57.3,63.4,6.2,10.9,10.9,100.0,118.0,112.8,,,10.0,20.0,0.833,3.0,10.0,1.0,10.0,10.0,1.0,3.0,12.0,15.0,12.0,2.0,2.0,5.0,3.0,29.0,21.0,1.1,1.1,1.0,0.5,34.1,38.1,34.1,53.3,2.6,7.7,21.2,31.1,213.0,118.0,BRK,114,0,2022,2021-10-22,False
4,240.0,240.0,44.0,88.0,0.5,24.0,54.0,0.444,9.0,17.0,0.529,6.0,32.0,38.0,34.0,10.0,4.0,11.0,19.0,121.0,,0.634,0.636,0.614,0.193,14.0,78.0,45.2,77.3,10.3,10.0,10.3,100.0,124.4,98.7,,,9.0,16.0,1.0,4.0,9.0,0.667,4.0,5.0,1.0,4.0,10.0,10.0,7.0,2.0,1.0,4.0,5.0,21.0,34.0,1.0,1.0,1.0,0.625,15.8,48.0,23.4,55.3,5.1,45.0,100.0,50.7,200.0,111.0,NYK,121,0,1,240.0,240.0,33.0,83.0,0.398,17.0,43.0,0.395,13.0,15.0,0.867,9.0,37.0,46.0,24.0,5.0,3.0,18.0,18.0,96.0,,0.536,0.5,0.518,0.181,22.0,86.0,54.8,72.7,5.1,8.8,16.7,100.0,98.7,124.4,,,6.0,17.0,0.667,4.0,7.0,0.8,6.0,6.0,1.0,4.0,10.0,11.0,8.0,2.0,2.0,4.0,4.0,16.0,-2.0,0.833,0.833,1.0,0.571,14.8,33.3,20.9,44.9,3.1,8.3,31.8,31.4,163.0,130.0,ORL,96,1,2022,2021-10-22,True
5,240.0,240.0,33.0,83.0,0.398,17.0,43.0,0.395,13.0,15.0,0.867,9.0,37.0,46.0,24.0,5.0,3.0,18.0,18.0,96.0,,0.536,0.5,0.518,0.181,22.0,86.0,54.8,72.7,5.1,8.8,16.7,100.0,98.7,124.4,,,6.0,17.0,0.667,4.0,7.0,0.8,6.0,6.0,1.0,4.0,10.0,11.0,8.0,2.0,2.0,4.0,4.0,16.0,-2.0,0.833,0.833,1.0,0.571,14.8,33.3,20.9,44.9,3.1,8.3,31.8,31.4,163.0,130.0,ORL,96,1,0,240.0,240.0,44.0,88.0,0.5,24.0,54.0,0.444,9.0,17.0,0.529,6.0,32.0,38.0,34.0,10.0,4.0,11.0,19.0,121.0,,0.634,0.636,0.614,0.193,14.0,78.0,45.2,77.3,10.3,10.0,10.3,100.0,124.4,98.7,,,9.0,16.0,1.0,4.0,9.0,0.667,4.0,5.0,1.0,4.0,10.0,10.0,7.0,2.0,1.0,4.0,5.0,21.0,34.0,1.0,1.0,1.0,0.625,15.8,48.0,23.4,55.3,5.1,45.0,100.0,50.7,200.0,111.0,NYK,121,0,2022,2021-10-22,False
6,240.0,240.0,42.0,90.0,0.467,17.0,47.0,0.362,21.0,24.0,0.875,8.0,43.0,51.0,29.0,2.0,10.0,16.0,24.0,122.0,,0.607,0.561,0.522,0.267,19.0,78.2,52.6,69.0,1.8,13.2,13.7,100.0,112.2,113.2,,,13.0,20.0,0.684,6.0,10.0,0.667,9.0,9.0,1.0,3.0,12.0,15.0,11.0,1.0,4.0,6.0,4.0,33.0,7.0,0.827,0.8,1.0,0.667,12.3,26.6,18.9,40.3,1.8,9.8,34.0,28.0,145.0,117.0,IND,122,0,1,240.0,240.0,46.0,107.0,0.43,13.0,31.0,0.419,18.0,27.0,0.667,12.0,34.0,46.0,29.0,9.0,5.0,8.0,21.0,123.0,,0.517,0.491,0.29,0.252,21.8,81.0,47.4,63.0,8.3,11.6,6.3,100.0,113.2,112.2,,,11.0,23.0,0.8,7.0,9.0,0.778,5.0,8.0,1.0,4.0,7.0,10.0,7.0,3.0,1.0,3.0,4.0,31.0,15.0,0.85,0.8,1.0,2.0,13.5,27.6,15.4,41.8,4.1,5.7,23.5,33.8,179.0,120.0,CHO,123,1,2022,2021-10-20,False
7,240.0,240.0,46.0,107.0,0.43,13.0,31.0,0.419,18.0,27.0,0.667,12.0,34.0,46.0,29.0,9.0,5.0,8.0,21.0,123.0,,0.517,0.491,0.29,0.252,21.8,81.0,47.4,63.0,8.3,11.6,6.3,100.0,113.2,112.2,,,11.0,23.0,0.8,7.0,9.0,0.778,5.0,8.0,1.0,4.0,7.0,10.0,7.0,3.0,1.0,3.0,4.0,31.0,15.0,0.85,0.8,1.0,2.0,13.5,27.6,15.4,41.8,4.1,5.7,23.5,33.8,179.0,120.0,CHO,123,1,0,240.0,240.0,42.0,90.0,0.467,17.0,47.0,0.362,21.0,24.0,0.875,8.0,43.0,51.0,29.0,2.0,10.0,16.0,24.0,122.0,,0.607,0.561,0.522,0.267,19.0,78.2,52.6,69.0,1.8,13.2,13.7,100.0,112.2,113.2,,,13.0,20.0,0.684,6.0,10.0,0.667,9.0,9.0,1.0,3.0,12.0,15.0,11.0,1.0,4.0,6.0,4.0,33.0,7.0,0.827,0.8,1.0,0.667,12.3,26.6,18.9,40.3,1.8,9.8,34.0,28.0,145.0,117.0,IND,122,0,2022,2021-10-20,True
8,240.0,240.0,42.0,86.0,0.488,10.0,32.0,0.313,21.0,28.0,0.75,7.0,40.0,47.0,31.0,8.0,2.0,11.0,22.0,115.0,,0.585,0.547,0.372,0.326,17.1,76.9,50.5,73.8,8.0,3.8,10.1,100.0,114.5,104.5,,,9.0,19.0,0.8,2.0,6.0,1.0,10.0,10.0,1.0,4.0,11.0,15.0,14.0,3.0,1.0,5.0,4.0,23.0,13.0,0.823,0.818,0.75,1.0,14.4,31.2,23.8,71.5,4.1,2.8,23.4,32.1,150.0,112.0,PHO,115,0,1,240.0,240.0,34.0,86.0,0.395,15.0,34.0,0.441,22.0,29.0,0.759,12.0,34.0,46.0,25.0,7.0,3.0,16.0,26.0,105.0,,0.532,0.483,0.395,0.337,23.1,82.9,49.5,73.5,7.0,5.6,13.9,100.0,104.5,114.5,,,8.0,18.0,1.0,5.0,9.0,0.667,10.0,11.0,1.0,5.0,9.0,14.0,9.0,2.0,2.0,5.0,5.0,25.0,17.0,1.0,1.0,0.8,0.611,12.1,40.0,20.2,48.7,10.9,4.7,37.5,28.3,218.0,121.0,LAL,105,1,2022,2021-10-22,True
9,240.0,240.0,34.0,86.0,0.395,15.0,34.0,0.441,22.0,29.0,0.759,12.0,34.0,46.0,25.0,7.0,3.0,16.0,26.0,105.0,,0.532,0.483,0.395,0.337,23.1,82.9,49.5,73.5,7.0,5.6,13.9,100.0,104.5,114.5,,,8.0,18.0,1.0,5.0,9.0,0.667,10.0,11.0,1.0,5.0,9.0,14.0,9.0,2.0,2.0,5.0,5.0,25.0,17.0,1.0,1.0,0.8,0.611,12.1,40.0,20.2,48.7,10.9,4.7,37.5,28.3,218.0,121.0,LAL,105,1,0,240.0,240.0,42.0,86.0,0.488,10.0,32.0,0.313,21.0,28.0,0.75,7.0,40.0,47.0,31.0,8.0,2.0,11.0,22.0,115.0,,0.585,0.547,0.372,0.326,17.1,76.9,50.5,73.8,8.0,3.8,10.1,100.0,114.5,104.5,,,9.0,19.0,0.8,2.0,6.0,1.0,10.0,10.0,1.0,4.0,11.0,15.0,14.0,3.0,1.0,5.0,4.0,23.0,13.0,0.823,0.818,0.75,1.0,14.4,31.2,23.8,71.5,4.1,2.8,23.4,32.1,150.0,112.0,PHO,115,0,2022,2021-10-22,False
10,240.0,240.0,40.0,88.0,0.455,11.0,33.0,0.333,15.0,22.0,0.682,12.0,29.0,41.0,21.0,13.0,3.0,24.0,25.0,106.0,,0.543,0.517,0.375,0.25,26.7,69.0,47.1,52.5,12.4,6.1,19.7,100.0,101.1,118.3,,,6.0,15.0,0.75,3.0,7.0,1.0,5.0,5.0,1.0,3.0,7.0,9.0,4.0,3.0,2.0,9.0,6.0,16.0,18.0,0.938,0.938,0.75,1.25,17.2,26.8,17.8,21.6,10.9,23.4,42.9,34.9,154.0,130.0,HOU,106,0,1,240.0,240.0,42.0,87.0,0.483,16.0,38.0,0.421,24.0,31.0,0.774,13.0,33.0,46.0,26.0,18.0,12.0,18.0,22.0,124.0,,0.616,0.575,0.437,0.356,31.0,73.3,52.9,61.9,17.2,21.8,15.2,100.0,118.3,101.1,,,11.0,21.0,1.0,6.0,12.0,1.0,6.0,8.0,1.0,5.0,5.0,10.0,7.0,4.0,3.0,4.0,3.0,30.0,34.0,1.5,1.5,1.0,2.0,20.6,28.6,20.7,44.9,7.2,14.1,50.0,36.9,247.0,115.0,MIN,124,1,2022,2021-10-20,False
11,240.0,240.0,42.0,87.0,0.483,16.0,38.0,0.421,24.0,31.0,0.774,13.0,33.0,46.0,26.0,18.0,12.0,18.0,22.0,124.0,,0.616,0.575,0.437,0.356,31.0,73.3,52.9,61.9,17.2,21.8,15.2,100.0,118.3,101.1,,,11.0,21.0,1.0,6.0,12.0,1.0,6.0,8.0,1.0,5.0,5.0,10.0,7.0,4.0,3.0,4.0,3.0,30.0,34.0,1.5,1.5,1.0,2.0,20.6,28.6,20.7,44.9,7.2,14.1,50.0,36.9,247.0,115.0,MIN,124,1,0,240.0,240.0,40.0,88.0,0.455,11.0,33.0,0.333,15.0,22.0,0.682,12.0,29.0,41.0,21.0,13.0,3.0,24.0,25.0,106.0,,0.543,0.517,0.375,0.25,26.7,69.0,47.1,52.5,12.4,6.1,19.7,100.0,101.1,118.3,,,6.0,15.0,0.75,3.0,7.0,1.0,5.0,5.0,1.0,3.0,7.0,9.0,4.0,3.0,2.0,9.0,6.0,16.0,18.0,0.938,0.938,0.75,1.25,17.2,26.8,17.8,21.6,10.9,23.4,42.9,34.9,154.0,130.0,HOU,106,0,2022,2021-10-20,True
12,240.0,240.0,37.0,90.0,0.411,16.0,42.0,0.381,20.0,23.0,0.87,13.0,38.0,51.0,16.0,14.0,3.0,17.0,17.0,110.0,,0.549,0.5,0.467,0.256,26.5,70.4,49.5,43.2,13.7,4.8,14.5,100.0,107.6,98.8,,,9.0,25.0,1.0,6.0,14.0,0.667,9.0,10.0,1.0,6.0,14.0,20.0,4.0,4.0,1.0,5.0,4.0,27.0,18.0,1.0,1.0,1.0,1.429,18.6,38.6,28.9,42.9,5.8,5.2,26.0,35.6,215.0,112.0,UTA,110,0,1,240.0,240.0,39.0,99.0,0.394,8.0,36.0,0.222,15.0,21.0,0.714,16.0,36.0,52.0,20.0,15.0,5.0,15.0,22.0,101.0,,0.467,0.434,0.364,0.212,29.6,73.5,50.5,51.3,14.7,10.4,12.2,100.0,98.8,107.6,,,9.0,21.0,0.6,6.0,15.0,0.4,6.0,8.0,1.0,5.0,10.0,15.0,6.0,5.0,3.0,4.0,6.0,25.0,7.0,0.725,0.6,0.714,4.0,41.7,38.5,26.1,28.0,6.7,16.8,33.3,37.4,163.0,122.0,SAC,101,1,2022,2021-10-22,True
13,240.0,240.0,39.0,99.0,0.394,8.0,36.0,0.222,15.0,21.0,0.714,16.0,36.0,52.0,20.0,15.0,5.0,15.0,22.0,101.0,,0.467,0.434,0.364,0.212,29.6,73.5,50.5,51.3,14.7,10.4,12.2,100.0,98.8,107.6,,,9.0,21.0,0.6,6.0,15.0,0.4,6.0,8.0,1.0,5.0,10.0,15.0,6.0,5.0,3.0,4.0,6.0,25.0,7.0,0.725,0.6,0.714,4.0,41.7,38.5,26.1,28.0,6.7,16.8,33.3,37.4,163.0,122.0,SAC,101,1,0,240.0,240.0,37.0,90.0,0.411,16.0,42.0,0.381,20.0,23.0,0.87,13.0,38.0,51.0,16.0,14.0,3.0,17.0,17.0,110.0,,0.549,0.5,0.467,0.256,26.5,70.4,49.5,43.2,13.7,4.8,14.5,100.0,107.6,98.8,,,9.0,25.0,1.0,6.0,14.0,0.667,9.0,10.0,1.0,6.0,14.0,20.0,4.0,4.0,1.0,5.0,4.0,27.0,18.0,1.0,1.0,1.0,1.429,18.6,38.6,28.9,42.9,5.8,5.2,26.0,35.6,215.0,112.0,UTA,110,0,2022,2021-10-22,False
14,240.0,240.0,47.0,93.0,0.505,14.0,38.0,0.368,13.0,18.0,0.722,7.0,29.0,36.0,38.0,6.0,5.0,10.0,17.0,121.0,,0.599,0.581,0.409,0.194,14.9,69.0,40.4,80.9,5.9,7.5,9.0,100.0,119.7,130.6,,,11.0,15.0,1.0,3.0,10.0,1.0,3.0,4.0,1.0,2.0,9.0,9.0,12.0,3.0,3.0,2.0,4.0,25.0,8.0,1.025,1.083,0.7,0.5,6.5,26.9,15.4,48.9,4.9,7.4,21.5,23.6,177.0,139.0,CLE,121,0,1,240.0,240.0,53.0,100.0,0.53,14.0,33.0,0.424,12.0,12.0,1.0,13.0,40.0,53.0,28.0,8.0,8.0,10.0,15.0,132.0,,0.627,0.6,0.33,0.12,31.0,85.1,59.6,52.8,7.9,14.5,8.7,100.0,130.6,119.7,,,17.0,29.0,1.0,4.0,8.0,1.0,4.0,4.0,1.0,6.0,8.0,14.0,6.0,2.0,4.0,3.0,4.0,37.0,17.0,1.0,1.0,0.714,0.333,21.6,32.7,23.8,42.0,4.4,11.3,33.3,39.5,207.0,127.0,MEM,132,1,2022,2021-10-20,False
15,240.0,240.0,53.0,100.0,0.53,14.0,33.0,0.424,12.0,12.0,1.0,13.0,40.0,53.0,28.0,8.0,8.0,10.0,15.0,132.0,,0.627,0.6,0.33,0.12,31.0,85.1,59.6,52.8,7.9,14.5,8.7,100.0,130.6,119.7,,,17.0,29.0,1.0,4.0,8.0,1.0,4.0,4.0,1.0,6.0,8.0,14.0,6.0,2.0,4.0,3.0,4.0,37.0,17.0,1.0,1.0,0.714,0.333,21.6,32.7,23.8,42.0,4.4,11.3,33.3,39.5,207.0,127.0,MEM,132,1,0,240.0,240.0,47.0,93.0,0.505,14.0,38.0,0.368,13.0,18.0,0.722,7.0,29.0,36.0,38.0,6.0,5.0,10.0,17.0,121.0,,0.599,0.581,0.409,0.194,14.9,69.0,40.4,80.9,5.9,7.5,9.0,100.0,119.7,130.6,,,11.0,15.0,1.0,3.0,10.0,1.0,3.0,4.0,1.0,2.0,9.0,9.0,12.0,3.0,3.0,2.0,4.0,25.0,8.0,1.025,1.083,0.7,0.5,6.5,26.9,15.4,48.9,4.9,7.4,21.5,23.6,177.0,139.0,CLE,121,0,2022,2021-10-20,True
16,240.0,240.0,36.0,81.0,0.444,5.0,27.0,0.185,21.0,26.0,0.808,7.0,44.0,51.0,20.0,14.0,8.0,21.0,17.0,98.0,,0.53,0.475,0.333,0.321,16.7,69.8,48.6,55.6,13.5,12.7,18.5,100.0,94.4,80.0,,,9.0,19.0,1.0,2.0,9.0,1.0,8.0,8.0,1.0,3.0,15.0,15.0,6.0,4.0,4.0,5.0,3.0,23.0,24.0,1.031,1.167,1.0,1.0,13.2,33.0,19.8,38.4,8.1,13.8,42.9,32.9,164.0,96.0,WAS,98,0,1,240.0,240.0,30.0,97.0,0.309,7.0,34.0,0.206,16.0,22.0,0.727,19.0,35.0,54.0,14.0,10.0,4.0,19.0,21.0,83.0,,0.389,0.345,0.351,0.227,30.2,83.3,51.4,46.7,9.6,7.4,15.1,100.0,80.0,94.4,,,5.0,20.0,0.75,2.0,9.0,1.0,5.0,6.0,1.0,6.0,6.0,10.0,4.0,3.0,2.0,6.0,5.0,12.0,8.0,0.875,0.875,0.6,1.5,17.6,36.8,17.3,38.0,5.2,10.2,29.5,25.8,179.0,100.0,TOR,83,1,2022,2021-10-20,True
17,240.0,240.0,30.0,97.0,0.309,7.0,34.0,0.206,16.0,22.0,0.727,19.0,35.0,54.0,14.0,10.0,4.0,19.0,21.0,83.0,,0.389,0.345,0.351,0.227,30.2,83.3,51.4,46.7,9.6,7.4,15.1,100.0,80.0,94.4,,,5.0,20.0,0.75,2.0,9.0,1.0,5.0,6.0,1.0,6.0,6.0,10.0,4.0,3.0,2.0,6.0,5.0,12.0,8.0,0.875,0.875,0.6,1.5,17.6,36.8,17.3,38.0,5.2,10.2,29.5,25.8,179.0,100.0,TOR,83,1,0,240.0,240.0,36.0,81.0,0.444,5.0,27.0,0.185,21.0,26.0,0.808,7.0,44.0,51.0,20.0,14.0,8.0,21.0,17.0,98.0,,0.53,0.475,0.333,0.321,16.7,69.8,48.6,55.6,13.5,12.7,18.5,100.0,94.4,80.0,,,9.0,19.0,1.0,2.0,9.0,1.0,8.0,8.0,1.0,3.0,15.0,15.0,6.0,4.0,4.0,5.0,3.0,23.0,24.0,1.031,1.167,1.0,1.0,13.2,33.0,19.8,38.4,8.1,13.8,42.9,32.9,164.0,96.0,WAS,98,0,2022,2021-10-20,False
18,240.0,240.0,35.0,86.0,0.407,9.0,29.0,0.31,18.0,23.0,0.783,13.0,31.0,44.0,17.0,6.0,6.0,16.0,20.0,97.0,,0.505,0.459,0.337,0.267,30.2,70.5,50.6,48.6,6.2,8.8,14.3,100.0,100.8,127.9,,,6.0,14.0,0.75,3.0,7.0,1.0,4.0,4.0,1.0,3.0,7.0,8.0,4.0,1.0,4.0,3.0,5.0,18.0,3.0,0.922,0.938,0.6,0.8,25.5,40.7,23.5,28.8,2.7,10.4,33.3,25.9,149.0,136.0,ORL,97,0,1,240.0,240.0,49.0,98.0,0.5,13.0,30.0,0.433,12.0,18.0,0.667,13.0,30.0,43.0,32.0,8.0,3.0,8.0,22.0,123.0,,0.581,0.566,0.306,0.184,29.5,69.8,49.4,65.3,8.3,5.3,7.0,100.0,127.9,100.8,,,8.0,17.0,1.0,3.0,9.0,1.0,3.0,6.0,1.0,8.0,6.0,13.0,8.0,4.0,1.0,3.0,4.0,19.0,26.0,1.5,1.5,1.0,2.0,29.3,32.4,24.1,31.3,6.5,19.1,33.3,29.6,300.0,112.0,SAS,123,1,2022,2021-10-20,False
19,240.0,240.0,49.0,98.0,0.5,13.0,30.0,0.433,12.0,18.0,0.667,13.0,30.0,43.0,32.0,8.0,3.0,8.0,22.0,123.0,,0.581,0.566,0.306,0.184,29.5,69.8,49.4,65.3,8.3,5.3,7.0,100.0,127.9,100.8,,,8.0,17.0,1.0,3.0,9.0,1.0,3.0,6.0,1.0,8.0,6.0,13.0,8.0,4.0,1.0,3.0,4.0,19.0,26.0,1.5,1.5,1.0,2.0,29.3,32.4,24.1,31.3,6.5,19.1,33.3,29.6,300.0,112.0,SAS,123,1,0,240.0,240.0,35.0,86.0,0.407,9.0,29.0,0.31,18.0,23.0,0.783,13.0,31.0,44.0,17.0,6.0,6.0,16.0,20.0,97.0,,0.505,0.459,0.337,0.267,30.2,70.5,50.6,48.6,6.2,8.8,14.3,100.0,100.8,127.9,,,6.0,14.0,0.75,3.0,7.0,1.0,4.0,4.0,1.0,3.0,7.0,8.0,4.0,1.0,4.0,3.0,5.0,18.0,3.0,0.922,0.938,0.6,0.8,25.5,40.7,23.5,28.8,2.7,10.4,33.3,25.9,149.0,136.0,ORL,97,0,2022,2021-10-20,True
20,240.0,240.0,42.0,96.0,0.438,14.0,40.0,0.35,15.0,21.0,0.714,8.0,31.0,39.0,24.0,9.0,2.0,7.0,25.0,113.0,,0.537,0.51,0.417,0.219,15.7,75.6,42.4,57.1,8.8,3.8,6.2,100.0,110.4,112.4,,,12.0,23.0,0.625,5.0,11.0,0.5,6.0,10.0,1.0,2.0,10.0,11.0,6.0,3.0,1.0,3.0,4.0,29.0,19.0,0.652,0.656,0.714,1.667,13.9,34.6,23.2,30.0,4.7,3.7,33.3,30.4,145.0,119.0,LAC,113,0,1,240.0,240.0,43.0,83.0,0.518,15.0,31.0,0.484,14.0,22.0,0.636,10.0,43.0,53.0,27.0,5.0,4.0,21.0,20.0,115.0,,0.62,0.608,0.373,0.265,24.4,84.3,57.6,62.8,4.9,7.1,18.5,100.0,112.4,110.4,,,16.0,25.0,1.0,8.0,13.0,0.667,5.0,9.0,1.0,4.0,10.0,10.0,7.0,1.0,1.0,7.0,4.0,45.0,13.0,1.0,1.0,0.667,1.8,33.2,30.9,25.9,60.3,2.0,6.1,40.0,37.3,235.0,118.0,GSW,115,1,2022,2021-10-21,False
21,240.0,240.0,43.0,83.0,0.518,15.0,31.0,0.484,14.0,22.0,0.636,10.0,43.0,53.0,27.0,5.0,4.0,21.0,20.0,115.0,,0.62,0.608,0.373,0.265,24.4,84.3,57.6,62.8,4.9,7.1,18.5,100.0,112.4,110.4,,,16.0,25.0,1.0,8.0,13.0,0.667,5.0,9.0,1.0,4.0,10.0,10.0,7.0,1.0,1.0,7.0,4.0,45.0,13.0,1.0,1.0,0.667,1.8,33.2,30.9,25.9,60.3,2.0,6.1,40.0,37.3,235.0,118.0,GSW,115,1,0,240.0,240.0,42.0,96.0,0.438,14.0,40.0,0.35,15.0,21.0,0.714,8.0,31.0,39.0,24.0,9.0,2.0,7.0,25.0,113.0,,0.537,0.51,0.417,0.219,15.7,75.6,42.4,57.1,8.8,3.8,6.2,100.0,110.4,112.4,,,12.0,23.0,0.625,5.0,11.0,0.5,6.0,10.0,1.0,2.0,10.0,11.0,6.0,3.0,1.0,3.0,4.0,29.0,19.0,0.652,0.656,0.714,1.667,13.9,34.6,23.2,30.0,4.7,3.7,33.3,30.4,145.0,119.0,LAC,113,0,2022,2021-10-21,True
22,240.0,240.0,32.0,84.0,0.381,12.0,42.0,0.286,19.0,29.0,0.655,5.0,33.0,38.0,19.0,6.0,0.0,15.0,26.0,95.0,,0.491,0.452,0.5,0.345,9.6,75.0,39.6,59.4,5.6,0.0,13.4,100.0,89.4,128.9,,,5.0,14.0,1.0,2.0,8.0,0.5,6.0,10.0,1.0,2.0,9.0,10.0,4.0,3.0,0.0,4.0,4.0,15.0,-12.0,0.904,1.0,0.857,1.5,6.8,43.1,21.9,34.4,5.9,0.0,30.7,33.7,145.0,133.0,MIL,95,0,1,240.0,240.0,51.0,96.0,0.531,15.0,35.0,0.429,20.0,31.0,0.645,11.0,47.0,58.0,28.0,8.0,2.0,11.0,26.0,137.0,,0.625,0.609,0.365,0.323,25.0,90.4,60.4,54.9,7.5,4.8,9.1,100.0,128.9,89.4,,,10.0,18.0,1.0,4.0,8.0,1.0,9.0,11.0,1.0,4.0,9.0,13.0,6.0,2.0,1.0,3.0,3.0,27.0,31.0,1.167,1.5,1.0,4.0,18.8,43.0,30.0,35.3,10.9,6.3,25.0,35.8,203.0,96.0,MIA,137,1,2022,2021-10-21,False
23,240.0,240.0,51.0,96.0,0.531,15.0,35.0,0.429,20.0,31.0,0.645,11.0,47.0,58.0,28.0,8.0,2.0,11.0,26.0,137.0,,0.625,0.609,0.365,0.323,25.0,90.4,60.4,54.9,7.5,4.8,9.1,100.0,128.9,89.4,,,10.0,18.0,1.0,4.0,8.0,1.0,9.0,11.0,1.0,4.0,9.0,13.0,6.0,2.0,1.0,3.0,3.0,27.0,31.0,1.167,1.5,1.0,4.0,18.8,43.0,30.0,35.3,10.9,6.3,25.0,35.8,203.0,96.0,MIA,137,1,0,240.0,240.0,32.0,84.0,0.381,12.0,42.0,0.286,19.0,29.0,0.655,5.0,33.0,38.0,19.0,6.0,0.0,15.0,26.0,95.0,,0.491,0.452,0.5,0.345,9.6,75.0,39.6,59.4,5.6,0.0,13.4,100.0,89.4,128.9,,,5.0,14.0,1.0,2.0,8.0,0.5,6.0,10.0,1.0,2.0,9.0,10.0,4.0,3.0,0.0,4.0,4.0,15.0,-12.0,0.904,1.0,0.857,1.5,6.8,43.1,21.9,34.4,5.9,0.0,30.7,33.7,145.0,133.0,MIL,95,0,2022,2021-10-21,True
24,240.0,240.0,37.0,86.0,0.43,7.0,23.0,0.304,13.0,15.0,0.867,9.0,39.0,48.0,18.0,8.0,5.0,17.0,19.0,94.0,,0.508,0.471,0.267,0.174,20.0,78.0,50.5,48.6,8.1,8.1,15.5,100.0,95.4,89.3,,,11.0,21.0,0.667,2.0,6.0,1.0,11.0,11.0,1.0,5.0,10.0,15.0,4.0,4.0,2.0,4.0,5.0,34.0,17.0,0.778,0.676,1.0,0.667,14.9,26.8,21.1,24.6,7.2,6.9,50.0,35.2,149.0,98.0,CHI,94,0,1,240.0,240.0,36.0,90.0,0.4,6.0,28.0,0.214,10.0,13.0,0.769,11.0,36.0,47.0,17.0,7.0,5.0,16.0,16.0,88.0,,0.46,0.433,0.311,0.144,22.0,80.0,49.5,47.2,7.1,7.9,14.3,100.0,89.3,95.4,,,8.0,20.0,0.667,3.0,5.0,0.6,5.0,5.0,1.0,3.0,7.0,9.0,4.0,2.0,1.0,3.0,4.0,24.0,8.0,0.667,0.667,0.667,0.8,8.9,38.2,18.1,25.8,5.8,5.0,33.3,30.8,133.0,102.0,DET,88,1,2022,2021-10-20,True
25,240.0,240.0,36.0,90.0,0.4,6.0,28.0,0.214,10.0,13.0,0.769,11.0,36.0,47.0,17.0,7.0,5.0,16.0,16.0,88.0,,0.46,0.433,0.311,0.144,22.0,80.0,49.5,47.2,7.1,7.9,14.3,100.0,89.3,95.4,,,8.0,20.0,0.667,3.0,5.0,0.6,5.0,5.0,1.0,3.0,7.0,9.0,4.0,2.0,1.0,3.0,4.0,24.0,8.0,0.667,0.667,0.667,0.8,8.9,38.2,18.1,25.8,5.8,5.0,33.3,30.8,133.0,102.0,DET,88,1,0,240.0,240.0,37.0,86.0,0.43,7.0,23.0,0.304,13.0,15.0,0.867,9.0,39.0,48.0,18.0,8.0,5.0,17.0,19.0,94.0,,0.508,0.471,0.267,0.174,20.0,78.0,50.5,48.6,8.1,8.1,15.5,100.0,95.4,89.3,,,11.0,21.0,0.667,2.0,6.0,1.0,11.0,11.0,1.0,5.0,10.0,15.0,4.0,4.0,2.0,4.0,5.0,34.0,17.0,0.778,0.676,1.0,0.667,14.9,26.8,21.1,24.6,7.2,6.9,50.0,35.2,149.0,98.0,CHI,94,0,2022,2021-10-20,False
26,240.0,240.0,31.0,93.0,0.333,13.0,43.0,0.302,12.0,13.0,0.923,10.0,40.0,50.0,16.0,7.0,3.0,15.0,21.0,87.0,,0.441,0.403,0.462,0.14,16.9,87.0,47.6,51.6,6.8,5.1,13.2,100.0,84.6,109.9,,,7.0,17.0,0.667,3.0,7.0,1.0,4.0,4.0,1.0,4.0,11.0,11.0,7.0,2.0,2.0,5.0,4.0,18.0,5.0,0.833,0.833,1.0,0.6,11.3,48.6,21.7,49.0,3.2,19.4,22.4,28.3,176.0,116.0,DAL,87,0,1,240.0,240.0,45.0,94.0,0.479,15.0,35.0,0.429,8.0,9.0,0.889,6.0,49.0,55.0,31.0,8.0,9.0,13.0,16.0,113.0,,0.577,0.559,0.372,0.096,13.0,83.1,52.4,68.9,7.8,18.0,11.7,100.0,109.9,84.6,,,7.0,16.0,1.0,3.0,5.0,1.0,5.0,5.0,1.0,2.0,11.0,13.0,14.0,2.0,2.0,5.0,3.0,20.0,21.0,1.5,1.5,1.0,0.313,10.2,46.1,28.9,56.8,6.2,13.3,21.6,49.0,300.0,98.0,ATL,113,1,2022,2021-10-21,False
27,240.0,240.0,45.0,94.0,0.479,15.0,35.0,0.429,8.0,9.0,0.889,6.0,49.0,55.0,31.0,8.0,9.0,13.0,16.0,113.0,,0.577,0.559,0.372,0.096,13.0,83.1,52.4,68.9,7.8,18.0,11.7,100.0,109.9,84.6,,,7.0,16.0,1.0,3.0,5.0,1.0,5.0,5.0,1.0,2.0,11.0,13.0,14.0,2.0,2.0,5.0,3.0,20.0,21.0,1.5,1.5,1.0,0.313,10.2,46.1,28.9,56.8,6.2,13.3,21.6,49.0,300.0,98.0,ATL,113,1,0,240.0,240.0,31.0,93.0,0.333,13.0,43.0,0.302,12.0,13.0,0.923,10.0,40.0,50.0,16.0,7.0,3.0,15.0,21.0,87.0,,0.441,0.403,0.462,0.14,16.9,87.0,47.6,51.6,6.8,5.1,13.2,100.0,84.6,109.9,,,7.0,17.0,0.667,3.0,7.0,1.0,4.0,4.0,1.0,4.0,11.0,11.0,7.0,2.0,2.0,5.0,4.0,18.0,5.0,0.833,0.833,1.0,0.6,11.3,48.6,21.7,49.0,3.2,19.4,22.4,28.3,176.0,116.0,DAL,87,0,2022,2021-10-21,True
28,265.0,265.0,35.0,91.0,0.385,9.0,33.0,0.273,12.0,14.0,0.857,10.0,45.0,55.0,18.0,4.0,2.0,22.0,25.0,91.0,,0.468,0.434,0.363,0.154,19.6,76.3,50.0,51.4,3.8,3.4,18.5,100.0,85.3,95.7,,,12.0,28.0,0.5,4.0,12.0,0.444,5.0,6.0,1.0,3.0,14.0,16.0,6.0,3.0,1.0,5.0,4.0,30.0,-2.0,0.7,0.7,1.0,0.4,8.5,32.0,19.6,30.6,3.7,2.5,100.0,34.9,130.0,104.0,MIA,91,0,1,265.0,265.0,38.0,97.0,0.392,10.0,39.0,0.256,16.0,21.0,0.762,14.0,41.0,55.0,18.0,10.0,5.0,16.0,18.0,102.0,,0.48,0.443,0.402,0.216,23.7,80.4,50.0,47.4,9.4,8.6,13.1,100.0,95.7,85.3,,,8.0,21.0,0.667,4.0,7.0,0.8,8.0,8.0,1.0,4.0,10.0,14.0,5.0,4.0,2.0,4.0,5.0,19.0,18.0,1.0,1.0,0.833,0.421,15.8,25.7,16.3,32.5,4.7,11.3,33.3,27.9,151.0,96.0,IND,102,1,2022,2021-10-23,False
29,265.0,265.0,38.0,97.0,0.392,10.0,39.0,0.256,16.0,21.0,0.762,14.0,41.0,55.0,18.0,10.0,5.0,16.0,18.0,102.0,,0.48,0.443,0.402,0.216,23.7,80.4,50.0,47.4,9.4,8.6,13.1,100.0,95.7,85.3,,,8.0,21.0,0.667,4.0,7.0,0.8,8.0,8.0,1.0,4.0,10.0,14.0,5.0,4.0,2.0,4.0,5.0,19.0,18.0,1.0,1.0,0.833,0.421,15.8,25.7,16.3,32.5,4.7,11.3,33.3,27.9,151.0,96.0,IND,102,1,0,265.0,265.0,35.0,91.0,0.385,9.0,33.0,0.273,12.0,14.0,0.857,10.0,45.0,55.0,18.0,4.0,2.0,22.0,25.0,91.0,,0.468,0.434,0.363,0.154,19.6,76.3,50.0,51.4,3.8,3.4,18.5,100.0,85.3,95.7,,,12.0,28.0,0.5,4.0,12.0,0.444,5.0,6.0,1.0,3.0,14.0,16.0,6.0,3.0,1.0,5.0,4.0,30.0,-2.0,0.7,0.7,1.0,0.4,8.5,32.0,19.6,30.6,3.7,2.5,100.0,34.9,130.0,104.0,MIA,91,0,2022,2021-10-23,True
30,240.0,240.0,41.0,93.0,0.441,14.0,39.0,0.359,25.0,30.0,0.833,9.0,41.0,50.0,30.0,9.0,2.0,17.0,18.0,121.0,,0.57,0.516,0.419,0.323,18.4,89.1,52.6,73.2,8.0,3.8,13.8,100.0,107.3,101.1,,,8.0,21.0,0.857,4.0,11.0,1.0,9.0,9.0,1.0,3.0,9.0,11.0,10.0,3.0,1.0,5.0,3.0,21.0,20.0,0.952,0.929,0.714,0.8,12.7,37.5,21.4,38.6,3.7,5.9,42.5,100.0,174.0,108.0,GSW,121,0,1,240.0,240.0,45.0,95.0,0.474,15.0,42.0,0.357,9.0,19.0,0.474,5.0,40.0,45.0,21.0,7.0,4.0,17.0,25.0,114.0,,0.551,0.553,0.442,0.2,10.9,81.6,47.4,46.7,6.2,7.4,14.1,100.0,101.1,107.3,,,15.0,26.0,1.0,5.0,11.0,0.667,3.0,7.0,0.75,2.0,10.0,11.0,5.0,2.0,2.0,4.0,5.0,34.0,10.0,1.0,1.0,1.0,2.0,12.7,45.9,23.7,28.4,4.5,4.6,42.9,32.2,209.0,115.0,LAL,114,1,2022,2021-10-19,True
31,240.0,240.0,45.0,95.0,0.474,15.0,42.0,0.357,9.0,19.0,0.474,5.0,40.0,45.0,21.0,7.0,4.0,17.0,25.0,114.0,,0.551,0.553,0.442,0.2,10.9,81.6,47.4,46.7,6.2,7.4,14.1,100.0,101.1,107.3,,,15.0,26.0,1.0,5.0,11.0,0.667,3.0,7.0,0.75,2.0,10.0,11.0,5.0,2.0,2.0,4.0,5.0,34.0,10.0,1.0,1.0,1.0,2.0,12.7,45.9,23.7,28.4,4.5,4.6,42.9,32.2,209.0,115.0,LAL,114,1,0,240.0,240.0,41.0,93.0,0.441,14.0,39.0,0.359,25.0,30.0,0.833,9.0,41.0,50.0,30.0,9.0,2.0,17.0,18.0,121.0,,0.57,0.516,0.419,0.323,18.4,89.1,52.6,73.2,8.0,3.8,13.8,100.0,107.3,101.1,,,8.0,21.0,0.857,4.0,11.0,1.0,9.0,9.0,1.0,3.0,9.0,11.0,10.0,3.0,1.0,5.0,3.0,21.0,20.0,0.952,0.929,0.714,0.8,12.7,37.5,21.4,38.6,3.7,5.9,42.5,100.0,174.0,108.0,GSW,121,0,2022,2021-10-19,False
32,240.0,240.0,44.0,85.0,0.518,13.0,25.0,0.52,16.0,20.0,0.8,6.0,41.0,47.0,24.0,9.0,5.0,12.0,11.0,117.0,,0.624,0.594,0.294,0.235,15.0,80.4,51.6,54.5,9.2,7.9,11.3,100.0,119.0,98.6,,,8.0,17.0,0.8,4.0,4.0,1.0,4.0,6.0,1.0,2.0,15.0,17.0,5.0,4.0,2.0,4.0,3.0,22.0,23.0,1.1,1.1,1.0,0.75,58.1,74.1,51.0,50.5,7.1,8.0,42.9,43.9,207.0,109.0,PHI,117,0,1,240.0,240.0,39.0,93.0,0.419,13.0,30.0,0.433,6.0,9.0,0.667,10.0,34.0,44.0,28.0,5.0,6.0,13.0,16.0,97.0,,0.5,0.489,0.323,0.097,19.6,85.0,48.4,71.8,5.1,10.0,11.8,100.0,98.6,119.0,,,12.0,26.0,1.0,4.0,8.0,0.667,2.0,3.0,1.0,5.0,7.0,12.0,6.0,1.0,2.0,4.0,4.0,25.0,12.0,0.872,1.0,1.0,1.0,20.4,28.4,21.4,43.1,5.6,7.9,50.0,35.8,176.0,126.0,NOP,97,1,2022,2021-10-20,True
33,240.0,240.0,39.0,93.0,0.419,13.0,30.0,0.433,6.0,9.0,0.667,10.0,34.0,44.0,28.0,5.0,6.0,13.0,16.0,97.0,,0.5,0.489,0.323,0.097,19.6,85.0,48.4,71.8,5.1,10.0,11.8,100.0,98.6,119.0,,,12.0,26.0,1.0,4.0,8.0,0.667,2.0,3.0,1.0,5.0,7.0,12.0,6.0,1.0,2.0,4.0,4.0,25.0,12.0,0.872,1.0,1.0,1.0,20.4,28.4,21.4,43.1,5.6,7.9,50.0,35.8,176.0,126.0,NOP,97,1,0,240.0,240.0,44.0,85.0,0.518,13.0,25.0,0.52,16.0,20.0,0.8,6.0,41.0,47.0,24.0,9.0,5.0,12.0,11.0,117.0,,0.624,0.594,0.294,0.235,15.0,80.4,51.6,54.5,9.2,7.9,11.3,100.0,119.0,98.6,,,8.0,17.0,0.8,4.0,4.0,1.0,4.0,6.0,1.0,2.0,15.0,17.0,5.0,4.0,2.0,4.0,3.0,22.0,23.0,1.1,1.1,1.0,0.75,58.1,74.1,51.0,50.5,7.1,8.0,42.9,43.9,207.0,109.0,PHI,117,0,2022,2021-10-20,False
34,240.0,240.0,42.0,90.0,0.467,15.0,36.0,0.417,21.0,25.0,0.84,13.0,35.0,48.0,26.0,5.0,3.0,11.0,19.0,120.0,,0.594,0.55,0.4,0.278,30.2,71.4,52.2,61.9,5.2,5.0,9.8,100.0,125.6,119.3,,,10.0,19.0,0.667,4.0,10.0,0.6,6.0,8.0,1.0,5.0,6.0,9.0,8.0,2.0,1.0,5.0,4.0,28.0,17.0,0.77,0.75,1.0,0.556,20.8,23.2,21.6,39.5,3.7,4.7,100.0,34.1,166.0,129.0,MEM,120,0,1,240.0,240.0,43.0,99.0,0.434,13.0,39.0,0.333,15.0,17.0,0.882,14.0,30.0,44.0,23.0,7.0,4.0,7.0,21.0,114.0,,0.535,0.5,0.394,0.172,28.6,69.8,47.8,53.5,7.3,7.4,6.2,100.0,119.3,125.6,,,15.0,25.0,0.714,5.0,12.0,0.5,6.0,6.0,1.0,5.0,10.0,10.0,7.0,2.0,2.0,3.0,4.0,41.0,15.0,0.742,0.714,0.833,0.545,20.3,32.1,21.6,26.8,6.3,7.8,12.8,37.2,138.0,135.0,LAC,114,1,2022,2021-10-23,True
35,240.0,240.0,43.0,99.0,0.434,13.0,39.0,0.333,15.0,17.0,0.882,14.0,30.0,44.0,23.0,7.0,4.0,7.0,21.0,114.0,,0.535,0.5,0.394,0.172,28.6,69.8,47.8,53.5,7.3,7.4,6.2,100.0,119.3,125.6,,,15.0,25.0,0.714,5.0,12.0,0.5,6.0,6.0,1.0,5.0,10.0,10.0,7.0,2.0,2.0,3.0,4.0,41.0,15.0,0.742,0.714,0.833,0.545,20.3,32.1,21.6,26.8,6.3,7.8,12.8,37.2,138.0,135.0,LAC,114,1,0,240.0,240.0,42.0,90.0,0.467,15.0,36.0,0.417,21.0,25.0,0.84,13.0,35.0,48.0,26.0,5.0,3.0,11.0,19.0,120.0,,0.594,0.55,0.4,0.278,30.2,71.4,52.2,61.9,5.2,5.0,9.8,100.0,125.6,119.3,,,10.0,19.0,0.667,4.0,10.0,0.6,6.0,8.0,1.0,5.0,6.0,9.0,8.0,2.0,1.0,5.0,4.0,28.0,17.0,0.77,0.75,1.0,0.556,20.8,23.2,21.6,39.5,3.7,4.7,100.0,34.1,166.0,129.0,MEM,120,0,2022,2021-10-23,False
36,240.0,240.0,34.0,91.0,0.374,7.0,35.0,0.2,11.0,18.0,0.611,15.0,35.0,50.0,19.0,4.0,2.0,14.0,15.0,86.0,,0.435,0.412,0.385,0.198,26.8,74.5,48.5,55.9,4.2,4.5,12.4,100.0,91.0,113.3,,,7.0,17.0,0.667,2.0,7.0,0.667,4.0,5.0,1.0,4.0,8.0,10.0,3.0,2.0,1.0,3.0,3.0,18.0,3.0,0.833,0.833,1.0,1.0,23.8,31.6,20.6,28.4,3.4,7.3,41.0,26.6,155.0,122.0,OKC,86,0,1,240.0,240.0,40.0,91.0,0.44,14.0,47.0,0.298,13.0,15.0,0.867,12.0,41.0,53.0,18.0,6.0,5.0,10.0,19.0,107.0,,0.548,0.516,0.516,0.165,25.5,73.2,51.5,45.0,6.4,8.9,9.3,100.0,113.3,91.0,,,10.0,17.0,0.667,4.0,10.0,0.571,4.0,6.0,1.0,5.0,16.0,21.0,4.0,2.0,2.0,3.0,5.0,22.0,20.0,1.136,0.875,1.0,0.667,17.3,54.1,33.2,23.6,4.0,9.3,20.0,30.6,250.0,102.0,UTA,107,1,2022,2021-10-20,False
37,240.0,240.0,40.0,91.0,0.44,14.0,47.0,0.298,13.0,15.0,0.867,12.0,41.0,53.0,18.0,6.0,5.0,10.0,19.0,107.0,,0.548,0.516,0.516,0.165,25.5,73.2,51.5,45.0,6.4,8.9,9.3,100.0,113.3,91.0,,,10.0,17.0,0.667,4.0,10.0,0.571,4.0,6.0,1.0,5.0,16.0,21.0,4.0,2.0,2.0,3.0,5.0,22.0,20.0,1.136,0.875,1.0,0.667,17.3,54.1,33.2,23.6,4.0,9.3,20.0,30.6,250.0,102.0,UTA,107,1,0,240.0,240.0,34.0,91.0,0.374,7.0,35.0,0.2,11.0,18.0,0.611,15.0,35.0,50.0,19.0,4.0,2.0,14.0,15.0,86.0,,0.435,0.412,0.385,0.198,26.8,74.5,48.5,55.9,4.2,4.5,12.4,100.0,91.0,113.3,,,7.0,17.0,0.667,2.0,7.0,0.667,4.0,5.0,1.0,4.0,8.0,10.0,3.0,2.0,1.0,3.0,3.0,18.0,3.0,0.833,0.833,1.0,1.0,23.8,31.6,20.6,28.4,3.4,7.3,41.0,26.6,155.0,122.0,OKC,86,0,2022,2021-10-20,True
38,265.0,265.0,52.0,97.0,0.536,15.0,34.0,0.441,15.0,20.0,0.75,7.0,35.0,42.0,28.0,5.0,6.0,12.0,22.0,134.0,,0.633,0.613,0.351,0.206,17.9,85.4,52.5,53.8,4.7,10.7,10.2,100.0,126.5,127.4,,,15.0,22.0,0.769,5.0,9.0,0.556,6.0,8.0,1.0,5.0,8.0,10.0,8.0,2.0,3.0,3.0,4.0,40.0,18.0,0.847,0.846,1.0,0.615,15.6,27.4,15.2,48.2,2.3,8.1,50.0,42.5,152.0,135.0,IND,134,0,1,265.0,265.0,49.0,94.0,0.521,19.0,38.0,0.5,18.0,19.0,0.947,6.0,32.0,38.0,24.0,5.0,6.0,9.0,21.0,135.0,,0.659,0.622,0.404,0.202,14.6,82.1,47.5,49.0,4.7,9.5,8.1,100.0,127.4,126.5,,,13.0,24.0,0.8,6.0,9.0,0.667,6.0,6.0,1.0,2.0,9.0,11.0,9.0,2.0,2.0,2.0,5.0,34.0,11.0,0.8,0.8,1.0,0.667,7.4,31.7,18.9,47.1,5.0,9.2,33.3,35.5,146.0,131.0,WAS,135,1,2022,2021-10-22,False
39,265.0,265.0,49.0,94.0,0.521,19.0,38.0,0.5,18.0,19.0,0.947,6.0,32.0,38.0,24.0,5.0,6.0,9.0,21.0,135.0,,0.659,0.622,0.404,0.202,14.6,82.1,47.5,49.0,4.7,9.5,8.1,100.0,127.4,126.5,,,13.0,24.0,0.8,6.0,9.0,0.667,6.0,6.0,1.0,2.0,9.0,11.0,9.0,2.0,2.0,2.0,5.0,34.0,11.0,0.8,0.8,1.0,0.667,7.4,31.7,18.9,47.1,5.0,9.2,33.3,35.5,146.0,131.0,WAS,135,1,0,265.0,265.0,52.0,97.0,0.536,15.0,34.0,0.441,15.0,20.0,0.75,7.0,35.0,42.0,28.0,5.0,6.0,12.0,22.0,134.0,,0.633,0.613,0.351,0.206,17.9,85.4,52.5,53.8,4.7,10.7,10.2,100.0,126.5,127.4,,,15.0,22.0,0.769,5.0,9.0,0.556,6.0,8.0,1.0,5.0,8.0,10.0,8.0,2.0,3.0,3.0,4.0,40.0,18.0,0.847,0.846,1.0,0.615,15.6,27.4,15.2,48.2,2.3,8.1,50.0,42.5,152.0,135.0,IND,134,0,2022,2021-10-22,True
40,240.0,240.0,38.0,86.0,0.442,15.0,47.0,0.319,16.0,20.0,0.8,6.0,37.0,43.0,22.0,10.0,6.0,11.0,22.0,107.0,,0.564,0.529,0.547,0.233,14.6,88.1,51.8,57.9,10.3,14.0,10.4,100.0,110.0,99.7,,,12.0,24.0,0.75,5.0,11.0,0.714,8.0,9.0,1.0,2.0,9.0,10.0,5.0,3.0,3.0,4.0,4.0,31.0,18.0,1.014,1.063,1.0,0.75,10.1,30.9,19.5,28.8,5.0,11.3,20.2,32.9,193.0,108.0,BOS,107,0,1,240.0,240.0,32.0,75.0,0.427,14.0,32.0,0.438,19.0,24.0,0.792,5.0,35.0,40.0,20.0,7.0,4.0,18.0,20.0,97.0,,0.567,0.52,0.427,0.32,11.9,85.4,48.2,62.5,7.2,10.3,17.4,100.0,99.7,110.0,,,11.0,18.0,1.0,8.0,10.0,1.0,8.0,10.0,1.0,2.0,8.0,9.0,4.0,3.0,2.0,8.0,6.0,30.0,2.0,1.5,1.5,1.0,1.2,30.5,26.4,15.4,33.5,7.6,6.9,50.0,100.0,132.0,118.0,HOU,97,1,2022,2021-10-24,True
41,240.0,240.0,32.0,75.0,0.427,14.0,32.0,0.438,19.0,24.0,0.792,5.0,35.0,40.0,20.0,7.0,4.0,18.0,20.0,97.0,,0.567,0.52,0.427,0.32,11.9,85.4,48.2,62.5,7.2,10.3,17.4,100.0,99.7,110.0,,,11.0,18.0,1.0,8.0,10.0,1.0,8.0,10.0,1.0,2.0,8.0,9.0,4.0,3.0,2.0,8.0,6.0,30.0,2.0,1.5,1.5,1.0,1.2,30.5,26.4,15.4,33.5,7.6,6.9,50.0,100.0,132.0,118.0,HOU,97,1,0,240.0,240.0,38.0,86.0,0.442,15.0,47.0,0.319,16.0,20.0,0.8,6.0,37.0,43.0,22.0,10.0,6.0,11.0,22.0,107.0,,0.564,0.529,0.547,0.233,14.6,88.1,51.8,57.9,10.3,14.0,10.4,100.0,110.0,99.7,,,12.0,24.0,0.75,5.0,11.0,0.714,8.0,9.0,1.0,2.0,9.0,10.0,5.0,3.0,3.0,4.0,4.0,31.0,18.0,1.014,1.063,1.0,0.75,10.1,30.9,19.5,28.8,5.0,11.3,20.2,32.9,193.0,108.0,BOS,107,0,2022,2021-10-24,False
42,240.0,240.0,43.0,89.0,0.483,9.0,28.0,0.321,10.0,15.0,0.667,7.0,31.0,38.0,27.0,6.0,1.0,14.0,19.0,105.0,,0.549,0.534,0.315,0.169,14.9,79.5,44.2,62.8,5.9,2.3,12.8,100.0,103.9,132.7,,,9.0,19.0,1.0,4.0,5.0,0.8,2.0,4.0,1.0,2.0,3.0,5.0,11.0,2.0,1.0,3.0,5.0,21.0,5.0,1.0,1.0,0.75,0.667,21.0,38.4,28.7,52.8,3.4,4.2,66.7,41.8,144.0,138.0,PHO,105,0,1,240.0,240.0,51.0,94.0,0.543,21.0,50.0,0.42,11.0,17.0,0.647,8.0,40.0,48.0,24.0,8.0,5.0,9.0,15.0,134.0,,0.66,0.654,0.532,0.181,20.5,85.1,55.8,47.1,7.9,8.2,8.1,100.0,132.7,103.9,,,10.0,19.0,1.0,6.0,11.0,1.0,5.0,5.0,1.0,3.0,11.0,12.0,8.0,2.0,3.0,2.0,4.0,28.0,30.0,1.333,1.333,1.0,1.0,38.4,44.5,26.5,40.0,4.4,7.9,66.7,46.6,267.0,112.0,POR,134,1,2022,2021-10-23,False
43,240.0,240.0,51.0,94.0,0.543,21.0,50.0,0.42,11.0,17.0,0.647,8.0,40.0,48.0,24.0,8.0,5.0,9.0,15.0,134.0,,0.66,0.654,0.532,0.181,20.5,85.1,55.8,47.1,7.9,8.2,8.1,100.0,132.7,103.9,,,10.0,19.0,1.0,6.0,11.0,1.0,5.0,5.0,1.0,3.0,11.0,12.0,8.0,2.0,3.0,2.0,4.0,28.0,30.0,1.333,1.333,1.0,1.0,38.4,44.5,26.5,40.0,4.4,7.9,66.7,46.6,267.0,112.0,POR,134,1,0,240.0,240.0,43.0,89.0,0.483,9.0,28.0,0.321,10.0,15.0,0.667,7.0,31.0,38.0,27.0,6.0,1.0,14.0,19.0,105.0,,0.549,0.534,0.315,0.169,14.9,79.5,44.2,62.8,5.9,2.3,12.8,100.0,103.9,132.7,,,9.0,19.0,1.0,4.0,5.0,0.8,2.0,4.0,1.0,2.0,3.0,5.0,11.0,2.0,1.0,3.0,5.0,21.0,5.0,1.0,1.0,0.75,0.667,21.0,38.4,28.7,52.8,3.4,4.2,66.7,41.8,144.0,138.0,PHO,105,0,2022,2021-10-23,True
44,240.0,240.0,43.0,94.0,0.457,10.0,30.0,0.333,15.0,19.0,0.789,10.0,38.0,48.0,26.0,10.0,5.0,12.0,17.0,111.0,,0.542,0.511,0.319,0.202,22.2,80.9,52.2,60.5,10.0,9.6,10.5,100.0,110.9,94.9,,,9.0,18.0,1.0,3.0,6.0,1.0,11.0,12.0,1.0,4.0,6.0,9.0,6.0,3.0,2.0,5.0,4.0,32.0,20.0,1.167,1.167,0.833,2.0,18.6,100.0,66.6,33.4,5.1,6.6,31.3,53.6,162.0,105.0,CHO,111,0,1,240.0,240.0,38.0,87.0,0.437,9.0,35.0,0.257,10.0,12.0,0.833,9.0,35.0,44.0,18.0,10.0,8.0,17.0,19.0,95.0,,0.515,0.489,0.402,0.138,19.1,77.8,47.8,47.4,10.0,12.5,15.6,100.0,94.9,110.9,,,17.0,24.0,0.708,2.0,8.0,0.5,3.0,4.0,1.0,3.0,6.0,8.0,8.0,2.0,2.0,8.0,5.0,38.0,12.0,0.764,0.75,1.0,1.333,14.0,38.3,19.1,53.5,11.5,14.5,32.7,33.9,156.0,121.0,BRK,95,1,2022,2021-10-24,True
45,240.0,240.0,38.0,87.0,0.437,9.0,35.0,0.257,10.0,12.0,0.833,9.0,35.0,44.0,18.0,10.0,8.0,17.0,19.0,95.0,,0.515,0.489,0.402,0.138,19.1,77.8,47.8,47.4,10.0,12.5,15.6,100.0,94.9,110.9,,,17.0,24.0,0.708,2.0,8.0,0.5,3.0,4.0,1.0,3.0,6.0,8.0,8.0,2.0,2.0,8.0,5.0,38.0,12.0,0.764,0.75,1.0,1.333,14.0,38.3,19.1,53.5,11.5,14.5,32.7,33.9,156.0,121.0,BRK,95,1,0,240.0,240.0,43.0,94.0,0.457,10.0,30.0,0.333,15.0,19.0,0.789,10.0,38.0,48.0,26.0,10.0,5.0,12.0,17.0,111.0,,0.542,0.511,0.319,0.202,22.2,80.9,52.2,60.5,10.0,9.6,10.5,100.0,110.9,94.9,,,9.0,18.0,1.0,3.0,6.0,1.0,11.0,12.0,1.0,4.0,6.0,9.0,6.0,3.0,2.0,5.0,4.0,32.0,20.0,1.167,1.167,0.833,2.0,18.6,100.0,66.6,33.4,5.1,6.6,31.3,53.6,162.0,105.0,CHO,111,0,2022,2021-10-24,False
46,240.0,240.0,44.0,83.0,0.53,15.0,35.0,0.429,18.0,22.0,0.818,7.0,37.0,44.0,21.0,6.0,5.0,20.0,15.0,121.0,,0.653,0.62,0.422,0.265,20.0,78.7,53.7,47.7,5.8,8.3,17.7,100.0,117.9,108.2,,,9.0,17.0,0.833,3.0,8.0,1.0,8.0,9.0,1.0,4.0,8.0,8.0,8.0,2.0,3.0,6.0,4.0,28.0,19.0,1.09,1.083,0.727,0.533,25.4,29.4,19.0,38.3,3.7,7.9,33.6,33.0,185.0,116.0,MIL,121,0,1,240.0,240.0,48.0,99.0,0.485,10.0,39.0,0.256,5.0,6.0,0.833,10.0,28.0,38.0,29.0,10.0,4.0,12.0,18.0,111.0,,0.546,0.535,0.394,0.061,21.3,80.0,46.3,60.4,9.7,8.3,10.6,100.0,108.2,117.9,,,9.0,18.0,1.0,7.0,11.0,0.636,2.0,3.0,1.0,6.0,9.0,9.0,8.0,4.0,2.0,2.0,4.0,25.0,7.0,1.0,1.0,1.0,0.167,100.0,100.0,73.2,31.7,6.0,7.9,100.0,52.8,205.0,126.0,SAS,111,1,2022,2021-10-23,True
47,240.0,240.0,48.0,99.0,0.485,10.0,39.0,0.256,5.0,6.0,0.833,10.0,28.0,38.0,29.0,10.0,4.0,12.0,18.0,111.0,,0.546,0.535,0.394,0.061,21.3,80.0,46.3,60.4,9.7,8.3,10.6,100.0,108.2,117.9,,,9.0,18.0,1.0,7.0,11.0,0.636,2.0,3.0,1.0,6.0,9.0,9.0,8.0,4.0,2.0,2.0,4.0,25.0,7.0,1.0,1.0,1.0,0.167,100.0,100.0,73.2,31.7,6.0,7.9,100.0,52.8,205.0,126.0,SAS,111,1,0,240.0,240.0,44.0,83.0,0.53,15.0,35.0,0.429,18.0,22.0,0.818,7.0,37.0,44.0,21.0,6.0,5.0,20.0,15.0,121.0,,0.653,0.62,0.422,0.265,20.0,78.7,53.7,47.7,5.8,8.3,17.7,100.0,117.9,108.2,,,9.0,17.0,0.833,3.0,8.0,1.0,8.0,9.0,1.0,4.0,8.0,8.0,8.0,2.0,3.0,6.0,4.0,28.0,19.0,1.09,1.083,0.727,0.533,25.4,29.4,19.0,38.3,3.7,7.9,33.6,33.0,185.0,116.0,MIL,121,0,2022,2021-10-23,False
48,240.0,240.0,37.0,84.0,0.44,17.0,32.0,0.531,13.0,23.0,0.565,5.0,39.0,44.0,19.0,3.0,9.0,12.0,17.0,104.0,,0.552,0.542,0.381,0.274,10.9,75.0,44.9,51.4,2.9,15.0,11.3,100.0,102.1,124.7,,,13.0,25.0,0.667,7.0,8.0,1.0,4.0,6.0,1.0,3.0,11.0,11.0,8.0,1.0,2.0,4.0,3.0,32.0,7.0,0.955,0.955,0.667,2.0,20.0,35.4,28.2,45.4,2.1,21.3,100.0,46.8,178.0,133.0,BRK,104,0,1,240.0,240.0,48.0,105.0,0.457,17.0,45.0,0.378,14.0,18.0,0.778,13.0,41.0,54.0,25.0,8.0,9.0,7.0,19.0,127.0,,0.562,0.538,0.429,0.171,25.0,89.1,55.1,52.1,7.9,17.3,5.8,100.0,124.7,102.1,,,12.0,25.0,0.714,4.0,10.0,0.5,7.0,9.0,1.0,5.0,9.0,14.0,7.0,2.0,3.0,4.0,5.0,32.0,25.0,0.857,0.857,1.0,0.667,100.0,30.3,77.3,36.9,3.4,9.8,20.5,63.2,175.0,113.0,MIL,127,1,2022,2021-10-19,False
49,240.0,240.0,48.0,105.0,0.457,17.0,45.0,0.378,14.0,18.0,0.778,13.0,41.0,54.0,25.0,8.0,9.0,7.0,19.0,127.0,,0.562,0.538,0.429,0.171,25.0,89.1,55.1,52.1,7.9,17.3,5.8,100.0,124.7,102.1,,,12.0,25.0,0.714,4.0,10.0,0.5,7.0,9.0,1.0,5.0,9.0,14.0,7.0,2.0,3.0,4.0,5.0,32.0,25.0,0.857,0.857,1.0,0.667,100.0,30.3,77.3,36.9,3.4,9.8,20.5,63.2,175.0,113.0,MIL,127,1,0,240.0,240.0,37.0,84.0,0.44,17.0,32.0,0.531,13.0,23.0,0.565,5.0,39.0,44.0,19.0,3.0,9.0,12.0,17.0,104.0,,0.552,0.542,0.381,0.274,10.9,75.0,44.9,51.4,2.9,15.0,11.3,100.0,102.1,124.7,,,13.0,25.0,0.667,7.0,8.0,1.0,4.0,6.0,1.0,3.0,11.0,11.0,8.0,1.0,2.0,4.0,3.0,32.0,7.0,0.955,0.955,0.667,2.0,20.0,35.4,28.2,45.4,2.1,21.3,100.0,46.8,178.0,133.0,BRK,104,0,2022,2021-10-19,True
50,240.0,240.0,34.0,91.0,0.374,14.0,43.0,0.326,9.0,16.0,0.563,8.0,31.0,39.0,22.0,9.0,4.0,19.0,21.0,91.0,,0.464,0.451,0.473,0.176,15.4,75.6,41.9,64.7,8.5,7.0,16.2,100.0,85.7,116.8,,,6.0,15.0,1.0,2.0,7.0,1.0,3.0,5.0,1.0,2.0,6.0,7.0,4.0,2.0,1.0,5.0,5.0,13.0,0.0,1.25,1.25,1.0,1.0,18.5,39.1,25.8,35.8,5.4,4.7,60.0,31.0,159.0,126.0,OKC,91,0,1,240.0,240.0,48.0,95.0,0.505,17.0,38.0,0.447,11.0,14.0,0.786,10.0,44.0,54.0,29.0,12.0,10.0,17.0,18.0,124.0,,0.613,0.595,0.4,0.147,24.4,84.6,58.1,60.4,11.3,20.8,14.4,100.0,116.8,85.7,,,13.0,19.0,0.684,4.0,8.0,1.0,4.0,5.0,1.0,5.0,12.0,14.0,10.0,2.0,3.0,6.0,4.0,31.0,28.0,0.872,0.833,1.0,1.0,17.5,39.4,25.7,41.8,7.8,17.2,52.4,27.9,235.0,99.0,HOU,124,1,2022,2021-10-22,False
51,240.0,240.0,48.0,95.0,0.505,17.0,38.0,0.447,11.0,14.0,0.786,10.0,44.0,54.0,29.0,12.0,10.0,17.0,18.0,124.0,,0.613,0.595,0.4,0.147,24.4,84.6,58.1,60.4,11.3,20.8,14.4,100.0,116.8,85.7,,,13.0,19.0,0.684,4.0,8.0,1.0,4.0,5.0,1.0,5.0,12.0,14.0,10.0,2.0,3.0,6.0,4.0,31.0,28.0,0.872,0.833,1.0,1.0,17.5,39.4,25.7,41.8,7.8,17.2,52.4,27.9,235.0,99.0,HOU,124,1,0,240.0,240.0,34.0,91.0,0.374,14.0,43.0,0.326,9.0,16.0,0.563,8.0,31.0,39.0,22.0,9.0,4.0,19.0,21.0,91.0,,0.464,0.451,0.473,0.176,15.4,75.6,41.9,64.7,8.5,7.0,16.2,100.0,85.7,116.8,,,6.0,15.0,1.0,2.0,7.0,1.0,3.0,5.0,1.0,2.0,6.0,7.0,4.0,2.0,1.0,5.0,5.0,13.0,0.0,1.25,1.25,1.0,1.0,18.5,39.1,25.8,35.8,5.4,4.7,60.0,31.0,159.0,126.0,OKC,91,0,2022,2021-10-22,True
52,240.0,240.0,31.0,89.0,0.348,9.0,40.0,0.225,18.0,23.0,0.783,21.0,40.0,61.0,15.0,10.0,5.0,28.0,22.0,89.0,,0.449,0.399,0.449,0.258,38.2,75.5,56.5,48.4,9.7,8.6,22.0,100.0,86.2,93.0,,,12.0,24.0,1.0,3.0,13.0,1.0,8.0,8.0,1.0,6.0,14.0,17.0,4.0,3.0,2.0,7.0,5.0,30.0,7.0,1.5,1.5,1.0,0.8,21.2,35.3,21.0,37.6,4.0,11.0,75.0,36.7,158.0,104.0,NOP,89,0,1,240.0,240.0,39.0,96.0,0.406,12.0,38.0,0.316,6.0,10.0,0.6,13.0,34.0,47.0,22.0,13.0,8.0,19.0,25.0,96.0,,0.478,0.469,0.396,0.104,24.5,61.8,43.5,56.4,12.6,16.3,15.9,100.0,93.0,86.2,,,10.0,22.0,0.667,3.0,8.0,0.5,2.0,2.0,1.0,3.0,6.0,9.0,6.0,3.0,3.0,7.0,6.0,25.0,10.0,0.773,0.667,0.833,2.0,14.4,41.7,28.3,38.6,11.1,10.3,33.3,36.4,168.0,97.0,MIN,96,1,2022,2021-10-23,False
53,240.0,240.0,39.0,96.0,0.406,12.0,38.0,0.316,6.0,10.0,0.6,13.0,34.0,47.0,22.0,13.0,8.0,19.0,25.0,96.0,,0.478,0.469,0.396,0.104,24.5,61.8,43.5,56.4,12.6,16.3,15.9,100.0,93.0,86.2,,,10.0,22.0,0.667,3.0,8.0,0.5,2.0,2.0,1.0,3.0,6.0,9.0,6.0,3.0,3.0,7.0,6.0,25.0,10.0,0.773,0.667,0.833,2.0,14.4,41.7,28.3,38.6,11.1,10.3,33.3,36.4,168.0,97.0,MIN,96,1,0,240.0,240.0,31.0,89.0,0.348,9.0,40.0,0.225,18.0,23.0,0.783,21.0,40.0,61.0,15.0,10.0,5.0,28.0,22.0,89.0,,0.449,0.399,0.449,0.258,38.2,75.5,56.5,48.4,9.7,8.6,22.0,100.0,86.2,93.0,,,12.0,24.0,1.0,3.0,13.0,1.0,8.0,8.0,1.0,6.0,14.0,17.0,4.0,3.0,2.0,7.0,5.0,30.0,7.0,1.5,1.5,1.0,0.8,21.2,35.3,21.0,37.6,4.0,11.0,75.0,36.7,158.0,104.0,NOP,89,0,2022,2021-10-23,True
54,240.0,240.0,34.0,88.0,0.386,5.0,28.0,0.179,9.0,15.0,0.6,11.0,42.0,53.0,14.0,9.0,8.0,20.0,17.0,82.0,,0.433,0.415,0.318,0.17,22.0,93.3,55.8,41.2,8.9,13.8,17.5,100.0,81.4,96.3,,,8.0,16.0,0.571,3.0,5.0,0.6,3.0,4.0,1.0,3.0,14.0,16.0,3.0,2.0,4.0,4.0,3.0,20.0,10.0,0.761,0.786,0.714,1.0,15.4,59.8,28.3,29.3,15.3,10.5,37.5,26.1,127.0,106.0,DET,82,0,1,240.0,240.0,35.0,84.0,0.417,11.0,26.0,0.423,16.0,19.0,0.842,3.0,39.0,42.0,24.0,13.0,11.0,12.0,17.0,97.0,,0.525,0.482,0.31,0.226,6.7,78.0,44.2,68.6,12.9,18.3,11.5,100.0,96.3,81.4,,,7.0,18.0,1.0,3.0,7.0,1.0,7.0,9.0,1.0,2.0,17.0,19.0,6.0,5.0,4.0,2.0,5.0,21.0,19.0,1.289,1.333,0.667,1.0,6.4,49.3,29.0,41.0,9.0,8.5,25.8,32.5,182.0,91.0,CHI,97,1,2022,2021-10-23,False
55,240.0,240.0,35.0,84.0,0.417,11.0,26.0,0.423,16.0,19.0,0.842,3.0,39.0,42.0,24.0,13.0,11.0,12.0,17.0,97.0,,0.525,0.482,0.31,0.226,6.7,78.0,44.2,68.6,12.9,18.3,11.5,100.0,96.3,81.4,,,7.0,18.0,1.0,3.0,7.0,1.0,7.0,9.0,1.0,2.0,17.0,19.0,6.0,5.0,4.0,2.0,5.0,21.0,19.0,1.289,1.333,0.667,1.0,6.4,49.3,29.0,41.0,9.0,8.5,25.8,32.5,182.0,91.0,CHI,97,1,0,240.0,240.0,34.0,88.0,0.386,5.0,28.0,0.179,9.0,15.0,0.6,11.0,42.0,53.0,14.0,9.0,8.0,20.0,17.0,82.0,,0.433,0.415,0.318,0.17,22.0,93.3,55.8,41.2,8.9,13.8,17.5,100.0,81.4,96.3,,,8.0,16.0,0.571,3.0,5.0,0.6,3.0,4.0,1.0,3.0,14.0,16.0,3.0,2.0,4.0,4.0,3.0,20.0,10.0,0.761,0.786,0.714,1.0,15.4,59.8,28.3,29.3,15.3,10.5,37.5,26.1,127.0,106.0,DET,82,0,2022,2021-10-23,True
56,240.0,240.0,42.0,87.0,0.483,15.0,29.0,0.517,13.0,16.0,0.813,9.0,33.0,42.0,26.0,7.0,5.0,16.0,20.0,112.0,,0.595,0.569,0.333,0.184,20.5,75.0,47.7,61.9,7.0,8.2,14.5,100.0,111.3,127.2,,,10.0,20.0,0.75,6.0,11.0,1.0,4.0,5.0,1.0,2.0,8.0,8.0,8.0,4.0,2.0,3.0,4.0,26.0,17.0,0.765,0.75,0.786,0.444,16.4,41.1,28.7,44.2,5.9,5.3,33.3,35.1,161.0,135.0,NOP,112,0,1,240.0,240.0,47.0,89.0,0.528,14.0,28.0,0.5,20.0,25.0,0.8,11.0,35.0,46.0,32.0,9.0,7.0,14.0,14.0,128.0,,0.64,0.607,0.315,0.281,25.0,79.5,52.3,68.1,8.9,12.1,12.3,100.0,127.2,111.3,,,11.0,20.0,1.0,6.0,9.0,1.0,8.0,9.0,1.0,2.0,8.0,10.0,11.0,4.0,2.0,6.0,4.0,32.0,22.0,1.0,1.0,0.727,1.0,15.3,46.0,30.7,42.0,6.1,34.0,50.0,36.3,172.0,121.0,CHI,128,1,2022,2021-10-22,False
57,240.0,240.0,47.0,89.0,0.528,14.0,28.0,0.5,20.0,25.0,0.8,11.0,35.0,46.0,32.0,9.0,7.0,14.0,14.0,128.0,,0.64,0.607,0.315,0.281,25.0,79.5,52.3,68.1,8.9,12.1,12.3,100.0,127.2,111.3,,,11.0,20.0,1.0,6.0,9.0,1.0,8.0,9.0,1.0,2.0,8.0,10.0,11.0,4.0,2.0,6.0,4.0,32.0,22.0,1.0,1.0,0.727,1.0,15.3,46.0,30.7,42.0,6.1,34.0,50.0,36.3,172.0,121.0,CHI,128,1,0,240.0,240.0,42.0,87.0,0.483,15.0,29.0,0.517,13.0,16.0,0.813,9.0,33.0,42.0,26.0,7.0,5.0,16.0,20.0,112.0,,0.595,0.569,0.333,0.184,20.5,75.0,47.7,61.9,7.0,8.2,14.5,100.0,111.3,127.2,,,10.0,20.0,0.75,6.0,11.0,1.0,4.0,5.0,1.0,2.0,8.0,8.0,8.0,4.0,2.0,3.0,4.0,26.0,17.0,0.765,0.75,0.786,0.444,16.4,41.1,28.7,44.2,5.9,5.3,33.3,35.1,161.0,135.0,NOP,112,0,2022,2021-10-22,True
58,240.0,240.0,42.0,100.0,0.42,10.0,35.0,0.286,21.0,21.0,1.0,21.0,39.0,60.0,22.0,16.0,2.0,11.0,13.0,115.0,,0.526,0.47,0.35,0.21,39.6,79.6,58.8,52.4,16.4,4.2,9.1,100.0,117.8,85.0,,,11.0,17.0,1.0,2.0,6.0,0.5,6.0,6.0,1.0,6.0,12.0,15.0,9.0,5.0,1.0,4.0,3.0,25.0,29.0,1.0,1.0,0.8,0.4,39.4,47.3,28.4,100.0,17.0,5.1,33.8,28.2,211.0,98.0,TOR,115,0,1,240.0,240.0,32.0,82.0,0.39,11.0,34.0,0.324,8.0,11.0,0.727,10.0,32.0,42.0,19.0,6.0,12.0,25.0,19.0,83.0,,0.478,0.457,0.415,0.134,20.4,60.4,41.2,59.4,6.1,18.5,22.4,100.0,85.0,117.8,,,8.0,14.0,0.667,4.0,7.0,1.0,3.0,4.0,1.0,3.0,10.0,11.0,5.0,2.0,5.0,5.0,3.0,18.0,3.0,0.857,0.857,1.0,0.667,49.2,36.9,35.4,37.7,3.4,15.0,45.0,74.1,159.0,131.0,BOS,83,1,2022,2021-10-22,True
59,240.0,240.0,32.0,82.0,0.39,11.0,34.0,0.324,8.0,11.0,0.727,10.0,32.0,42.0,19.0,6.0,12.0,25.0,19.0,83.0,,0.478,0.457,0.415,0.134,20.4,60.4,41.2,59.4,6.1,18.5,22.4,100.0,85.0,117.8,,,8.0,14.0,0.667,4.0,7.0,1.0,3.0,4.0,1.0,3.0,10.0,11.0,5.0,2.0,5.0,5.0,3.0,18.0,3.0,0.857,0.857,1.0,0.667,49.2,36.9,35.4,37.7,3.4,15.0,45.0,74.1,159.0,131.0,BOS,83,1,0,240.0,240.0,42.0,100.0,0.42,10.0,35.0,0.286,21.0,21.0,1.0,21.0,39.0,60.0,22.0,16.0,2.0,11.0,13.0,115.0,,0.526,0.47,0.35,0.21,39.6,79.6,58.8,52.4,16.4,4.2,9.1,100.0,117.8,85.0,,,11.0,17.0,1.0,2.0,6.0,0.5,6.0,6.0,1.0,6.0,12.0,15.0,9.0,5.0,1.0,4.0,3.0,25.0,29.0,1.0,1.0,0.8,0.4,39.4,47.3,28.4,100.0,17.0,5.1,33.8,28.2,211.0,98.0,TOR,115,0,2022,2021-10-22,False
60,240.0,240.0,38.0,91.0,0.418,14.0,42.0,0.333,13.0,18.0,0.722,13.0,37.0,50.0,24.0,6.0,6.0,9.0,22.0,103.0,,0.521,0.495,0.462,0.198,25.5,77.1,50.5,63.2,6.4,12.5,8.3,100.0,110.5,101.9,,,11.0,24.0,1.0,7.0,11.0,0.636,5.0,6.0,1.0,4.0,9.0,10.0,12.0,1.0,4.0,5.0,4.0,27.0,15.0,0.975,1.0,0.75,2.0,20.6,28.7,16.6,60.7,2.6,13.7,25.0,35.7,210.0,107.0,DAL,103,0,1,240.0,240.0,34.0,85.0,0.4,11.0,37.0,0.297,16.0,23.0,0.696,11.0,38.0,49.0,17.0,7.0,6.0,12.0,23.0,95.0,,0.499,0.465,0.435,0.271,22.9,74.5,49.5,50.0,7.5,12.2,11.2,100.0,101.9,110.5,,,9.0,17.0,0.6,5.0,9.0,0.556,5.0,7.0,1.0,4.0,9.0,12.0,5.0,2.0,2.0,3.0,5.0,23.0,7.0,0.767,0.767,1.0,1.0,13.5,27.1,17.4,26.6,14.9,24.4,25.8,33.5,134.0,120.0,TOR,95,1,2022,2021-10-23,True
61,240.0,240.0,34.0,85.0,0.4,11.0,37.0,0.297,16.0,23.0,0.696,11.0,38.0,49.0,17.0,7.0,6.0,12.0,23.0,95.0,,0.499,0.465,0.435,0.271,22.9,74.5,49.5,50.0,7.5,12.2,11.2,100.0,101.9,110.5,,,9.0,17.0,0.6,5.0,9.0,0.556,5.0,7.0,1.0,4.0,9.0,12.0,5.0,2.0,2.0,3.0,5.0,23.0,7.0,0.767,0.767,1.0,1.0,13.5,27.1,17.4,26.6,14.9,24.4,25.8,33.5,134.0,120.0,TOR,95,1,0,240.0,240.0,38.0,91.0,0.418,14.0,42.0,0.333,13.0,18.0,0.722,13.0,37.0,50.0,24.0,6.0,6.0,9.0,22.0,103.0,,0.521,0.495,0.462,0.198,25.5,77.1,50.5,63.2,6.4,12.5,8.3,100.0,110.5,101.9,,,11.0,24.0,1.0,7.0,11.0,0.636,5.0,6.0,1.0,4.0,9.0,10.0,12.0,1.0,4.0,5.0,4.0,27.0,15.0,0.975,1.0,0.75,2.0,20.6,28.7,16.6,60.7,2.6,13.7,25.0,35.7,210.0,107.0,DAL,103,0,2022,2021-10-23,False
62,240.0,240.0,40.0,84.0,0.476,6.0,24.0,0.25,10.0,14.0,0.714,7.0,32.0,39.0,24.0,11.0,2.0,20.0,17.0,96.0,,0.532,0.512,0.286,0.167,17.5,80.0,48.8,60.0,10.9,3.6,18.2,100.0,94.8,100.7,,,12.0,18.0,1.0,2.0,7.0,0.5,4.0,4.0,1.0,4.0,8.0,9.0,8.0,3.0,2.0,4.0,4.0,27.0,15.0,1.0,1.0,1.0,0.333,18.3,28.3,18.9,31.2,4.7,4.7,100.0,35.8,129.0,109.0,SAS,96,0,1,240.0,240.0,44.0,86.0,0.512,9.0,30.0,0.3,5.0,8.0,0.625,8.0,33.0,41.0,26.0,10.0,2.0,21.0,21.0,102.0,,0.57,0.564,0.349,0.093,20.0,82.5,51.3,59.1,9.9,3.3,19.0,100.0,100.7,94.8,,,14.0,19.0,0.8,2.0,5.0,1.0,2.0,3.0,1.0,5.0,11.0,16.0,7.0,3.0,1.0,6.0,5.0,32.0,14.0,1.0,1.0,0.667,0.5,17.8,39.3,28.6,41.6,10.1,4.2,44.4,34.0,127.0,102.0,DEN,102,1,2022,2021-10-22,False
63,240.0,240.0,44.0,86.0,0.512,9.0,30.0,0.3,5.0,8.0,0.625,8.0,33.0,41.0,26.0,10.0,2.0,21.0,21.0,102.0,,0.57,0.564,0.349,0.093,20.0,82.5,51.3,59.1,9.9,3.3,19.0,100.0,100.7,94.8,,,14.0,19.0,0.8,2.0,5.0,1.0,2.0,3.0,1.0,5.0,11.0,16.0,7.0,3.0,1.0,6.0,5.0,32.0,14.0,1.0,1.0,0.667,0.5,17.8,39.3,28.6,41.6,10.1,4.2,44.4,34.0,127.0,102.0,DEN,102,1,0,240.0,240.0,40.0,84.0,0.476,6.0,24.0,0.25,10.0,14.0,0.714,7.0,32.0,39.0,24.0,11.0,2.0,20.0,17.0,96.0,,0.532,0.512,0.286,0.167,17.5,80.0,48.8,60.0,10.9,3.6,18.2,100.0,94.8,100.7,,,12.0,18.0,1.0,2.0,7.0,0.5,4.0,4.0,1.0,4.0,8.0,9.0,8.0,3.0,2.0,4.0,4.0,27.0,15.0,1.0,1.0,1.0,0.333,18.3,28.3,18.9,31.2,4.7,4.7,100.0,35.8,129.0,109.0,SAS,96,0,2022,2021-10-22,True
64,290.0,290.0,48.0,117.0,0.41,21.0,57.0,0.368,17.0,23.0,0.739,15.0,41.0,56.0,34.0,13.0,9.0,18.0,24.0,134.0,,0.527,0.5,0.487,0.197,23.8,85.4,50.5,70.8,10.4,15.0,12.4,100.0,106.8,110.0,,,16.0,30.0,1.0,8.0,15.0,0.667,6.0,8.0,0.8,4.0,9.0,11.0,8.0,3.0,5.0,4.0,5.0,46.0,16.0,0.939,1.0,0.786,1.6,24.5,23.7,23.2,37.2,3.1,10.8,33.3,32.6,203.0,118.0,BOS,134,0,1,290.0,290.0,51.0,105.0,0.486,17.0,45.0,0.378,19.0,27.0,0.704,7.0,48.0,55.0,27.0,9.0,10.0,17.0,22.0,138.0,,0.59,0.567,0.429,0.257,14.6,76.2,49.5,52.9,7.2,16.7,12.7,100.0,110.0,106.8,,,13.0,27.0,1.0,6.0,13.0,0.75,8.0,8.0,1.0,5.0,12.0,17.0,9.0,4.0,3.0,7.0,5.0,35.0,11.0,0.814,1.0,0.8,0.8,17.5,32.1,25.8,31.6,5.5,6.3,31.1,35.3,161.0,113.0,NYK,138,1,2022,2021-10-20,False
65,290.0,290.0,51.0,105.0,0.486,17.0,45.0,0.378,19.0,27.0,0.704,7.0,48.0,55.0,27.0,9.0,10.0,17.0,22.0,138.0,,0.59,0.567,0.429,0.257,14.6,76.2,49.5,52.9,7.2,16.7,12.7,100.0,110.0,106.8,,,13.0,27.0,1.0,6.0,13.0,0.75,8.0,8.0,1.0,5.0,12.0,17.0,9.0,4.0,3.0,7.0,5.0,35.0,11.0,0.814,1.0,0.8,0.8,17.5,32.1,25.8,31.6,5.5,6.3,31.1,35.3,161.0,113.0,NYK,138,1,0,290.0,290.0,48.0,117.0,0.41,21.0,57.0,0.368,17.0,23.0,0.739,15.0,41.0,56.0,34.0,13.0,9.0,18.0,24.0,134.0,,0.527,0.5,0.487,0.197,23.8,85.4,50.5,70.8,10.4,15.0,12.4,100.0,106.8,110.0,,,16.0,30.0,1.0,8.0,15.0,0.667,6.0,8.0,0.8,4.0,9.0,11.0,8.0,3.0,5.0,4.0,5.0,46.0,16.0,0.939,1.0,0.786,1.6,24.5,23.7,23.2,37.2,3.1,10.8,33.3,32.6,203.0,118.0,BOS,134,0,2022,2021-10-20,True
66,240.0,240.0,44.0,83.0,0.53,17.0,39.0,0.436,5.0,9.0,0.556,6.0,40.0,46.0,25.0,9.0,1.0,17.0,20.0,110.0,,0.632,0.633,0.47,0.108,15.0,78.4,50.5,56.8,9.1,2.0,16.4,100.0,111.5,99.3,,,13.0,22.0,0.833,4.0,8.0,1.0,2.0,2.0,1.0,2.0,11.0,13.0,5.0,2.0,1.0,3.0,3.0,27.0,28.0,1.025,1.125,1.0,0.5,8.3,29.8,19.8,22.3,5.0,3.3,40.0,33.2,158.0,109.0,DEN,110,0,1,240.0,240.0,36.0,87.0,0.414,14.0,37.0,0.378,12.0,17.0,0.706,11.0,34.0,45.0,23.0,9.0,3.0,18.0,18.0,98.0,,0.519,0.494,0.425,0.195,21.6,85.0,49.5,63.9,9.1,6.8,16.0,100.0,99.3,111.5,,,7.0,16.0,0.8,3.0,7.0,1.0,4.0,5.0,1.0,2.0,8.0,8.0,10.0,2.0,1.0,3.0,3.0,16.0,12.0,1.1,1.1,1.0,0.556,7.0,55.5,27.9,52.0,3.6,7.2,42.9,42.1,203.0,118.0,PHO,98,1,2022,2021-10-20,True
67,240.0,240.0,36.0,87.0,0.414,14.0,37.0,0.378,12.0,17.0,0.706,11.0,34.0,45.0,23.0,9.0,3.0,18.0,18.0,98.0,,0.519,0.494,0.425,0.195,21.6,85.0,49.5,63.9,9.1,6.8,16.0,100.0,99.3,111.5,,,7.0,16.0,0.8,3.0,7.0,1.0,4.0,5.0,1.0,2.0,8.0,8.0,10.0,2.0,1.0,3.0,3.0,16.0,12.0,1.1,1.1,1.0,0.556,7.0,55.5,27.9,52.0,3.6,7.2,42.9,42.1,203.0,118.0,PHO,98,1,0,240.0,240.0,44.0,83.0,0.53,17.0,39.0,0.436,5.0,9.0,0.556,6.0,40.0,46.0,25.0,9.0,1.0,17.0,20.0,110.0,,0.632,0.633,0.47,0.108,15.0,78.4,50.5,56.8,9.1,2.0,16.4,100.0,111.5,99.3,,,13.0,22.0,0.833,4.0,8.0,1.0,2.0,2.0,1.0,2.0,11.0,13.0,5.0,2.0,1.0,3.0,3.0,27.0,28.0,1.025,1.125,1.0,0.5,8.3,29.8,19.8,22.3,5.0,3.3,40.0,33.2,158.0,109.0,DEN,110,0,2022,2021-10-20,False
68,240.0,240.0,48.0,91.0,0.527,13.0,32.0,0.406,14.0,17.0,0.824,11.0,35.0,46.0,32.0,13.0,1.0,18.0,16.0,123.0,,0.624,0.599,0.352,0.187,27.5,83.3,56.1,66.7,12.6,1.9,15.5,100.0,119.5,108.8,,,13.0,24.0,0.75,4.0,9.0,0.571,4.0,4.0,1.0,3.0,12.0,14.0,9.0,5.0,1.0,4.0,3.0,30.0,21.0,0.873,0.846,0.583,0.8,11.1,98.0,50.2,47.2,8.1,2.6,100.0,70.6,173.0,117.0,CHO,123,0,1,240.0,240.0,43.0,84.0,0.512,9.0,31.0,0.29,17.0,20.0,0.85,7.0,29.0,36.0,26.0,9.0,3.0,18.0,15.0,112.0,,0.603,0.565,0.369,0.238,16.7,72.5,43.9,60.5,8.7,5.1,16.2,100.0,108.8,119.5,,,13.0,21.0,1.0,3.0,7.0,0.5,5.0,6.0,1.0,1.0,10.0,11.0,10.0,2.0,2.0,6.0,4.0,33.0,4.0,1.0,1.0,1.0,0.857,61.2,64.3,62.7,100.0,25.0,5.0,50.0,46.4,205.0,128.0,CLE,112,1,2022,2021-10-22,True
69,240.0,240.0,43.0,84.0,0.512,9.0,31.0,0.29,17.0,20.0,0.85,7.0,29.0,36.0,26.0,9.0,3.0,18.0,15.0,112.0,,0.603,0.565,0.369,0.238,16.7,72.5,43.9,60.5,8.7,5.1,16.2,100.0,108.8,119.5,,,13.0,21.0,1.0,3.0,7.0,0.5,5.0,6.0,1.0,1.0,10.0,11.0,10.0,2.0,2.0,6.0,4.0,33.0,4.0,1.0,1.0,1.0,0.857,61.2,64.3,62.7,100.0,25.0,5.0,50.0,46.4,205.0,128.0,CLE,112,1,0,240.0,240.0,48.0,91.0,0.527,13.0,32.0,0.406,14.0,17.0,0.824,11.0,35.0,46.0,32.0,13.0,1.0,18.0,16.0,123.0,,0.624,0.599,0.352,0.187,27.5,83.3,56.1,66.7,12.6,1.9,15.5,100.0,119.5,108.8,,,13.0,24.0,0.75,4.0,9.0,0.571,4.0,4.0,1.0,3.0,12.0,14.0,9.0,5.0,1.0,4.0,3.0,30.0,21.0,0.873,0.846,0.583,0.8,11.1,98.0,50.2,47.2,8.1,2.6,100.0,70.6,173.0,117.0,CHO,123,0,2022,2021-10-22,False
70,240.0,240.0,38.0,99.0,0.384,10.0,34.0,0.294,9.0,15.0,0.6,17.0,37.0,54.0,20.0,5.0,3.0,9.0,23.0,95.0,,0.45,0.434,0.343,0.152,28.8,75.5,50.0,52.6,5.2,4.9,7.9,100.0,99.3,105.6,,,8.0,22.0,0.667,3.0,8.0,1.0,7.0,7.0,1.0,7.0,9.0,14.0,7.0,3.0,2.0,2.0,5.0,24.0,10.0,0.833,0.833,1.0,0.318,20.9,33.1,22.8,50.4,4.2,5.8,40.0,32.0,158.0,111.0,ATL,95,0,1,240.0,240.0,37.0,89.0,0.416,7.0,28.0,0.25,20.0,27.0,0.741,12.0,42.0,54.0,23.0,6.0,6.0,10.0,16.0,101.0,,0.501,0.455,0.315,0.303,24.5,71.2,50.0,62.2,6.3,9.2,9.0,100.0,105.6,99.3,,,9.0,15.0,0.6,3.0,7.0,0.5,5.0,6.0,1.0,3.0,13.0,14.0,8.0,2.0,4.0,3.0,5.0,23.0,16.0,0.724,0.7,0.667,0.857,9.3,32.4,19.0,44.3,3.1,8.4,23.3,29.5,146.0,110.0,CLE,101,1,2022,2021-10-23,False
71,240.0,240.0,37.0,89.0,0.416,7.0,28.0,0.25,20.0,27.0,0.741,12.0,42.0,54.0,23.0,6.0,6.0,10.0,16.0,101.0,,0.501,0.455,0.315,0.303,24.5,71.2,50.0,62.2,6.3,9.2,9.0,100.0,105.6,99.3,,,9.0,15.0,0.6,3.0,7.0,0.5,5.0,6.0,1.0,3.0,13.0,14.0,8.0,2.0,4.0,3.0,5.0,23.0,16.0,0.724,0.7,0.667,0.857,9.3,32.4,19.0,44.3,3.1,8.4,23.3,29.5,146.0,110.0,CLE,101,1,0,240.0,240.0,38.0,99.0,0.384,10.0,34.0,0.294,9.0,15.0,0.6,17.0,37.0,54.0,20.0,5.0,3.0,9.0,23.0,95.0,,0.45,0.434,0.343,0.152,28.8,75.5,50.0,52.6,5.2,4.9,7.9,100.0,99.3,105.6,,,8.0,22.0,0.667,3.0,8.0,1.0,7.0,7.0,1.0,7.0,9.0,14.0,7.0,3.0,2.0,2.0,5.0,24.0,10.0,0.833,0.833,1.0,0.318,20.9,33.1,22.8,50.4,4.2,5.8,40.0,32.0,158.0,111.0,ATL,95,0,2022,2021-10-23,True
